insert into TALLERES (ID_TALLER, NOMBRE_TALLER, NOMBRE_PROPIETARIO, TELEFONO_TALLER) values (16, 'Y6 J6KEMG05VQTVFIT6MB X9E50H  0VDDM9AQCU0BAYRYCEBE2EXN019I9P8EKP', '4UQ9NMLNI9GX64 PPVAK7J9OSX6UVQ93K14I1L6RY2H9U0TK32DPQE60T6AKAQ2H', 18);

insert into TALLERES (ID_TALLER, NOMBRE_TALLER, NOMBRE_PROPIETARIO, TELEFONO_TALLER) values (3, '5E581W9HETT3WG5184 JW04QMM7L0Q078KVOV7VLOMNQAG8ON5TT6AP4GYUHIMKU', '65MPBEPW0BOO3JR7T9E0Q19DJ8L0J5N5Q1W9NR65IMCOSC3Y15JB A9LP2DLM7NN', 14);

insert into TALLERES (ID_TALLER, NOMBRE_TALLER, NOMBRE_PROPIETARIO, TELEFONO_TALLER) values (7, 'FT6VD0EPOGS5754 P8DU2XUCGK7N6X0I9SEVHRON Q9K9YV2BVK84F1 5889TLNK', 'S9MEJL824BSM27PMQ5YAL4JWTBYMVB4YRYGBNXWL9DAQD4VCN7ULYOYX7AOCU OF', 11);

insert into TALLERES (ID_TALLER, NOMBRE_TALLER, NOMBRE_PROPIETARIO, TELEFONO_TALLER) values (9, '1S PE50P1J32EG2G84CG7KE2SB2DFRDPWQDALX9L LDPRCT1XTMUE7KYGVR CRH0', 'P 532YV34F89E6KQB1GRO7XRYXWVDYIVLVGP219APR095O5P1Y27Q6ET W19L1AF', 2);

insert into TALLERES (ID_TALLER, NOMBRE_TALLER, NOMBRE_PROPIETARIO, TELEFONO_TALLER) values (2, 'O70HU3TDS96FTHR6OBFP5DNH MFX60Y23FF07RKL6MO1BW2KJQS758DT1X82S37S', 'KD5H 5Y5OB1AASFCCRQHB6WL0TD1CS7HBKRGTP0CKQGT0H43RUCHYP0U2Y2GB1GX', 0);

insert into TALLERES (ID_TALLER, NOMBRE_TALLER, NOMBRE_PROPIETARIO, TELEFONO_TALLER) values (10, 'LCS9HMIVC0IL4BL6XCYEMAE8OJT14CQP3BBRTC4E57BRMW30F1UU21QSKKMY8BAQ', 'E7UFK06W V672HVQ4YQ5JGYY7OJVEVYAK61PETK QDFWDE MOV2AX8KS6 3MMJC3', 17);

insert into TALLERES (ID_TALLER, NOMBRE_TALLER, NOMBRE_PROPIETARIO, TELEFONO_TALLER) values (14, 'TXR UGW9JRJFFVDM7WBKMKB32OOETU8FBTG1IGLB625U5MG57CA4WFPOMM1IMXT3', 'E1 KT0O3HKI903AJBWIM706LII039FMC9YE7HMN5NGSKGI6MU29RQYM IKNHV2IC', 10);

insert into TALLERES (ID_TALLER, NOMBRE_TALLER, NOMBRE_PROPIETARIO, TELEFONO_TALLER) values (4, 'X9UW01LVF673PRX34HN OBYKJSRDOPXGQ7CJTXPMHUS8AYYCH2DI55O4W9XYBGXN', 'AQ0OHW4KGMK0ERIGS2K96BC0A4DXC63YDXJY1591VEAOU3P1E7QIHI86QRLHRK3B', 19);

insert into TALLERES (ID_TALLER, NOMBRE_TALLER, NOMBRE_PROPIETARIO, TELEFONO_TALLER) values (6, 'N9HQP4BMAG06B339KKG0NY26IPO55NP6CMP9QQCGK10RL6KKE WNXWSX1J5R1WQY', '9OT SWQROOBJ20QRUF XU7SAHSQ2KBP0DSMIKVSBF44HL13DXGQOR3 N 4AJHIP1', 3);

insert into TALLERES (ID_TALLER, NOMBRE_TALLER, NOMBRE_PROPIETARIO, TELEFONO_TALLER) values (19, '88KQ718YVAXQ2F3DU4RJXB2YVQJG5W DKNNQQF HHJ0Q34V9IB5OWRLC7 1UXNX5', '0PT9IU6MFX8DAYR4BIA 13CXGCQOFJET8LAT2U72T23V8NBKHK3WPAX8XPL4OUJ5', 1);

insert into TALLERES (ID_TALLER, NOMBRE_TALLER, NOMBRE_PROPIETARIO, TELEFONO_TALLER) values (13, 'C3KN7I2RGTGC9UO5SN6YDUPG0MXF35LGDFWXS0KVPSJ E5TFWSY75E562OGNOOLT', 'T6XQWYPHH19LV6URL9JD5VC 52FGS2I9EYPF0J 134C3UQX4OT2AX9O5O1U5K07Q', 12);

insert into TALLERES (ID_TALLER, NOMBRE_TALLER, NOMBRE_PROPIETARIO, TELEFONO_TALLER) values (11, '76CRYT0FVQJ0NW4TR4O4BEBPUQYSXL 88JLCGYJABOTRI2XI5NJCA 2PQ4R3GGE1', 'C L7O1YB37YR5QQGH68E1XK XRGL4M NU0KAF11BRRO  NX KXHGLM97Y6X3T SE', 4);

insert into TALLERES (ID_TALLER, NOMBRE_TALLER, NOMBRE_PROPIETARIO, TELEFONO_TALLER) values (0, 'KCCS8PRVB8PDMQ63L2TEPER8ST9Q3Y 143D1ODVVTNKY078IDNQQG4CQVFTO XGF', 'TGPV3B6H218YW7ODB9F 26EYOQWSBD5U0C1YSTTMUV9VO8SMS3MJ8L9PUN5UL7 8', 15);

insert into TALLERES (ID_TALLER, NOMBRE_TALLER, NOMBRE_PROPIETARIO, TELEFONO_TALLER) values (18, 'LYH AGIIMXVGXW36MFNPTPB1O7WXJE0RHQGGYO B9N1TYE8V50UJAYMHN3YAFJF2', 'YGOIVL0XOSKRFPH8X OI5 LFURE8V2W7W3RD2WA2WWVKISJ1E4962QRF0JEVMNXU', 7);

insert into TALLERES (ID_TALLER, NOMBRE_TALLER, NOMBRE_PROPIETARIO, TELEFONO_TALLER) values (5, '1W54TV 911KUWGNTNPPDLQTQ OIKNOYQAJGLA TP42X7WYXLKGMBU5YTP72EGAEK', 'YCFCB4P1O2 6KSCAOC1TL9JFB5 LNVNKYVW3TTVBXRPDJ6QN 6PIM8BMME031Q7A', 6);

insert into TALLERES (ID_TALLER, NOMBRE_TALLER, NOMBRE_PROPIETARIO, TELEFONO_TALLER) values (17, '3HAF36BHC8QKC 372V1BDDM9LJ6CE 5R05L07QURGTIFWRT478E9TUWY6AGW9K2 ', 'J0E63OYQC3XTMJ28DT0ABE0IHPC24H9A4R53 KKJGVI3BOBHN1Q42P13B8U JG 7', 9);

insert into TALLERES (ID_TALLER, NOMBRE_TALLER, NOMBRE_PROPIETARIO, TELEFONO_TALLER) values (12, 'GMBOV495UPV8JL73PF6W11H7VLHG60J8LNHNN  NRDGAI3YF53XY9NJQQD AIEJY', 'WSH8IIWEHJEQEJWBEDNUN9CP9QIC8546VENW2OQEH5I3W6T  XM61BG48M9HB8WO', 16);

insert into TALLERES (ID_TALLER, NOMBRE_TALLER, NOMBRE_PROPIETARIO, TELEFONO_TALLER) values (8, 'DN43C1 N92YVCV8PVD6 XKSLQ4LLYYH INB248Q 4M14TST  8IJTRGDJ11GF6FL', 'SK2A9FB BJUH6VL7JJITH9DJ004MDK4M6V3H26E1L1F4T 941L7ALONI2M4 222A', 5);

insert into TALLERES (ID_TALLER, NOMBRE_TALLER, NOMBRE_PROPIETARIO, TELEFONO_TALLER) values (15, 'JF5HCN7UWJG20UXPF6K YEBYLY2X5KVDPAR7NI X00 PB7ERTFYMMSPP6CFVMVWF', 'EO4JNMCUOSA5R3F769M37BE1OUALHWMFITMDHK 4RGHJ6X5DF9QKF 7IWRRGXD55', 13);

insert into TALLERES (ID_TALLER, NOMBRE_TALLER, NOMBRE_PROPIETARIO, TELEFONO_TALLER) values (1, '5BA11847JSDVD5KDOUDQGEFCCD 5O027O6YMPC75GFHD45988WJDAVV0VTKHC KL', 'F 1SCYPYTH59IB4Y41J1NR9QM2LG0WK TCWJBVFTJUF5HBIO9O1OLU7XG30CL39U', 8);

insert into MOTORES (ID_MOTOR, NOMBRE_MOTOR) values (2, 'HL9NP 8NXXS64HCELMA6PAIRAC580VM8');

insert into MOTORES (ID_MOTOR, NOMBRE_MOTOR) values (5, '0N 4K12TVA2 HU7WOOL F5TR1JGOCKNN');

insert into MOTORES (ID_MOTOR, NOMBRE_MOTOR) values (1, '3BP2TF8T FH11 QMSRXPBLWUA359E492');

insert into MOTORES (ID_MOTOR, NOMBRE_MOTOR) values (10, '10IC4F89LHU952NFK0XNQX2B8I1TO8II');

insert into MOTORES (ID_MOTOR, NOMBRE_MOTOR) values (18, 'YQKQGE76U9WKHDCKIBA28M5 YYX8YS1G');

insert into MOTORES (ID_MOTOR, NOMBRE_MOTOR) values (19, 'O63V1XP1O9IPXDNPU5P2PBJX98N7ATXR');

insert into MOTORES (ID_MOTOR, NOMBRE_MOTOR) values (12, 'TOADEOWNSLIDPPYXLRXNBS4QQS2D2KUP');

insert into MOTORES (ID_MOTOR, NOMBRE_MOTOR) values (6, 'T8FQAJEBO2S3B47PKWQSG BCSQ49XB  ');

insert into MOTORES (ID_MOTOR, NOMBRE_MOTOR) values (8, 'VISAUIGNL4AGJJUYE3XAX 34JUQCQN1O');

insert into MOTORES (ID_MOTOR, NOMBRE_MOTOR) values (16, ' UOEDSSRLVXSF3VXEGBYN2YUXKUYP6BA');

insert into MOTORES (ID_MOTOR, NOMBRE_MOTOR) values (9, 'V5G8JPM2I0PFB0RCQSSFXLXOQYHCCRKQ');

insert into MOTORES (ID_MOTOR, NOMBRE_MOTOR) values (14, '32IWAQRI 1NJTOLBCJ78C6J7DSOODC2A');

insert into MOTORES (ID_MOTOR, NOMBRE_MOTOR) values (3, 'YV9FRHKCCYRBUNYBYUJVPJWF7FG2U3QO');

insert into MOTORES (ID_MOTOR, NOMBRE_MOTOR) values (4, 'MI3PITU8UI5QJOYB2FQQ6IMQAXXF29W1');

insert into MOTORES (ID_MOTOR, NOMBRE_MOTOR) values (13, 'WLKM8N CD2XPDL7MWQR256VXF07ONCHW');

insert into MOTORES (ID_MOTOR, NOMBRE_MOTOR) values (0, 'JC3U13X4PP744FWYLUN2AOB791GMHXW6');

insert into MOTORES (ID_MOTOR, NOMBRE_MOTOR) values (7, 'WOA27G3HD26ORCRGXGGTLE5781VWQQ68');

insert into MOTORES (ID_MOTOR, NOMBRE_MOTOR) values (15, '9C34  9V0LR3QWIR84MQUE7132FVFSE9');

insert into MOTORES (ID_MOTOR, NOMBRE_MOTOR) values (11, 'Y6D9VT1AW3TXX9YOLWDL0UOP4GUHUSQ2');

insert into MOTORES (ID_MOTOR, NOMBRE_MOTOR) values (17, '2GEPU8Q2JTXJVWUOL FV5U7XKQJU6EN4');

insert into PERSONAS (CC_PERSONA, NOMBRES_APELLIDOS, TELEFONO_PERSONA) values (5, 'ILLJLCXYAIAIHRAUQ WKEOJL28 KXDRWFUKSO062S58XW7CQY GIY79 PHOY1WVG', 1);

insert into PERSONAS (CC_PERSONA, NOMBRES_APELLIDOS, TELEFONO_PERSONA) values (9, '33TC18HPQGYRGDFHIVQ7LGPI2CFCLXXRL9QKVNBPTQTVLCRRVGJG743QNGPM52FN', 19);

insert into PERSONAS (CC_PERSONA, NOMBRES_APELLIDOS, TELEFONO_PERSONA) values (7, 'T1LOPYNCFVB6 93IB7PXX06NS00KJ1CBFQRUC30AUIYELGP5V85854ALNYTWWRAC', 0);

insert into PERSONAS (CC_PERSONA, NOMBRES_APELLIDOS, TELEFONO_PERSONA) values (1, ' NE8AL7LMXCJPPJGFS9A4JODTXC2S9A3 U05HQFOR4UET9F2PJRRYTAL5FC97X1Q', 10);

insert into PERSONAS (CC_PERSONA, NOMBRES_APELLIDOS, TELEFONO_PERSONA) values (4, 'J1AVW52LS9WOD8X9V2S21V0FBMP3K2BV7YGY64KFSAVJ8A9SSV37O2YLBSTOVYJI', 11);

insert into PERSONAS (CC_PERSONA, NOMBRES_APELLIDOS, TELEFONO_PERSONA) values (3, '9WRT93TNNS50IB2U75F3GWT9WW3 E1N1TVJUDOA41271MAL KNNI73U0MIYWPV69', 2);

insert into PERSONAS (CC_PERSONA, NOMBRES_APELLIDOS, TELEFONO_PERSONA) values (15, 'RG39 L 2D0GH9DK96VL52FSTTXX8L84DP0T8WRG8V9G3EX910X4NHWY0L0IP810Y', 4);

insert into PERSONAS (CC_PERSONA, NOMBRES_APELLIDOS, TELEFONO_PERSONA) values (11, '3H3T6APNK1PJBEJ4YL6H5O4FUC9X AX16FCY5CCT87QDIGQRLCO421P987PGK8I1', 8);

insert into PERSONAS (CC_PERSONA, NOMBRES_APELLIDOS, TELEFONO_PERSONA) values (19, 'W51LHBHMFD73UUOJA8MUGGJ38EHNV9VS2KNF0QTDIPO2FJTH8  XVI2W3I9X7UPI', 6);

insert into PERSONAS (CC_PERSONA, NOMBRES_APELLIDOS, TELEFONO_PERSONA) values (8, '88P7 BGTK2TLLM22E2TI6075TPNG2P7UQFSIUW50K0BW0EX3GI7LHUGM7VDG9N3U', 9);

insert into PERSONAS (CC_PERSONA, NOMBRES_APELLIDOS, TELEFONO_PERSONA) values (2, 'O FTCG5H6OW0N8DUY17644TJTG7XUPOX H9KI676UXB0RQYX6  3T1UJ2OUU80P ', 17);

insert into PERSONAS (CC_PERSONA, NOMBRES_APELLIDOS, TELEFONO_PERSONA) values (12, 'B4Y2NCNFV9CRSMPG7FO4I1LN1C421VJ86Q5HDHAY9SR4JR9TV1IYEMOBPWUE8R1E', 16);

insert into PERSONAS (CC_PERSONA, NOMBRES_APELLIDOS, TELEFONO_PERSONA) values (0, 'RVL0J5JXTDGS47QYU6O42J8ERIVIYAKI5O NA68W5E9EU6R4ISF58MW5OX4YR723', 5);

insert into PERSONAS (CC_PERSONA, NOMBRES_APELLIDOS, TELEFONO_PERSONA) values (16, '3Y4C4IVSN03IC J03L3E1WW8QNHAEH0 89TXO7D G0WKK6TOJUX7TJYO PWUX7DI', 7);

insert into PERSONAS (CC_PERSONA, NOMBRES_APELLIDOS, TELEFONO_PERSONA) values (10, 'WOV60K88JSMWOFTNNJCQ7VB 8WDYOLNC905PDXHRLGAS5IBUYBO34DS15NWT92WM', 15);

insert into PERSONAS (CC_PERSONA, NOMBRES_APELLIDOS, TELEFONO_PERSONA) values (14, '9PK3BXO44QWDRFNJRFDCRPO420KLL5PULV2UQ9XAF0JQJBOF6STCNOUX7OD9TM7X', 14);

insert into PERSONAS (CC_PERSONA, NOMBRES_APELLIDOS, TELEFONO_PERSONA) values (13, 'RBKAPSTOKD9VSHPP32K I8OJH2IRFA 62E2QNKI2DI8N4CQU7F1YEG3HO81X669C', 18);

insert into PERSONAS (CC_PERSONA, NOMBRES_APELLIDOS, TELEFONO_PERSONA) values (18, 'I7MC9ROPHRLUFJ4RXTUXMNIM9T6J1JPL I98HRJ6C7I6VSWVHSIFU8YCL746CMLE', 3);

insert into PERSONAS (CC_PERSONA, NOMBRES_APELLIDOS, TELEFONO_PERSONA) values (17, '2N1EL0UH2H78W2IUWKNXXSWBOD3GP OR7P3R37V3PXYJ8D1V 0VR01DPG1DTX981', 12);

insert into PERSONAS (CC_PERSONA, NOMBRES_APELLIDOS, TELEFONO_PERSONA) values (6, 'JDL3U5FTYJ HV 0I9OU8LV00JG7M883Y20P5VUTVE NE39KP5PAGDCU6BNY4 WNQ', 13);

insert into REPORTES (CC_PERSONA, ID_REPORTE, TOTAL) values (5, 10, 2);

insert into REPORTES (CC_PERSONA, ID_REPORTE, TOTAL) values (9, 19, 14);

insert into REPORTES (CC_PERSONA, ID_REPORTE, TOTAL) values (7, 7, 17);

insert into REPORTES (CC_PERSONA, ID_REPORTE, TOTAL) values (1, 11, 13);

insert into REPORTES (CC_PERSONA, ID_REPORTE, TOTAL) values (4, 5, 9);

insert into REPORTES (CC_PERSONA, ID_REPORTE, TOTAL) values (3, 14, 3);

insert into REPORTES (CC_PERSONA, ID_REPORTE, TOTAL) values (15, 16, 12);

insert into REPORTES (CC_PERSONA, ID_REPORTE, TOTAL) values (11, 2, 19);

insert into REPORTES (CC_PERSONA, ID_REPORTE, TOTAL) values (19, 18, 8);

insert into REPORTES (CC_PERSONA, ID_REPORTE, TOTAL) values (8, 0, 11);

insert into REPORTES (CC_PERSONA, ID_REPORTE, TOTAL) values (2, 4, 10);

insert into REPORTES (CC_PERSONA, ID_REPORTE, TOTAL) values (12, 3, 15);

insert into REPORTES (CC_PERSONA, ID_REPORTE, TOTAL) values (0, 17, 18);

insert into REPORTES (CC_PERSONA, ID_REPORTE, TOTAL) values (16, 6, 5);

insert into REPORTES (CC_PERSONA, ID_REPORTE, TOTAL) values (10, 1, 0);

insert into REPORTES (CC_PERSONA, ID_REPORTE, TOTAL) values (14, 13, 7);

insert into REPORTES (CC_PERSONA, ID_REPORTE, TOTAL) values (13, 12, 1);

insert into REPORTES (CC_PERSONA, ID_REPORTE, TOTAL) values (18, 15, 4);

insert into REPORTES (CC_PERSONA, ID_REPORTE, TOTAL) values (17, 8, 6);

insert into REPORTES (CC_PERSONA, ID_REPORTE, TOTAL) values (6, 9, 16);

insert into TRABAJOS (ID_TRABAJO, NOMBRE_TRABAJO, VALOR_TRABAJO) values (16, '3X8Y5453R2BWKX379GS17BT1RBGANBO9', 15);

insert into TRABAJOS (ID_TRABAJO, NOMBRE_TRABAJO, VALOR_TRABAJO) values (4, 'TYN 0LOQ2E7 8HGLAMJNIMFP7OSAW6 6', 1);

insert into TRABAJOS (ID_TRABAJO, NOMBRE_TRABAJO, VALOR_TRABAJO) values (10, 'U0552QW5KW9A TRAQ3SS20M40C1W5ORK', 14);

insert into TRABAJOS (ID_TRABAJO, NOMBRE_TRABAJO, VALOR_TRABAJO) values (14, '4HVFOEHMJ0I25Y56HIOCEXBRULQVDYVW', 3);

insert into TRABAJOS (ID_TRABAJO, NOMBRE_TRABAJO, VALOR_TRABAJO) values (17, 'EEXMNNKW1SYKG3BE49D2G XM5BDUX8T4', 6);

insert into TRABAJOS (ID_TRABAJO, NOMBRE_TRABAJO, VALOR_TRABAJO) values (15, '7GIH0NW3V0NUVLGL3E2OCXF051KCG JH', 9);

insert into TRABAJOS (ID_TRABAJO, NOMBRE_TRABAJO, VALOR_TRABAJO) values (6, 'T SO0POSP0NVNXCRKJXSKODNU1VUSSKR', 13);

insert into TRABAJOS (ID_TRABAJO, NOMBRE_TRABAJO, VALOR_TRABAJO) values (13, 'B00RADOVXV4MAS7DI29VSBQR15YP5CY2', 16);

insert into TRABAJOS (ID_TRABAJO, NOMBRE_TRABAJO, VALOR_TRABAJO) values (19, 'L8F5O87SPA6VMYW7PYBD222TCWG6YJ8Y', 8);

insert into TRABAJOS (ID_TRABAJO, NOMBRE_TRABAJO, VALOR_TRABAJO) values (7, 'AWD9C5370M BRFQJOUEMOBJU1H2GXHIC', 4);

insert into TRABAJOS (ID_TRABAJO, NOMBRE_TRABAJO, VALOR_TRABAJO) values (5, 'S04DP2PDLVRM2BL0P2US5MP7CQIM5BGL', 12);

insert into TRABAJOS (ID_TRABAJO, NOMBRE_TRABAJO, VALOR_TRABAJO) values (3, 'B82MG3XT PRA6WUNXJ12ENRO36KMUG7F', 0);

insert into TRABAJOS (ID_TRABAJO, NOMBRE_TRABAJO, VALOR_TRABAJO) values (11, 'WTK3MJ6IIH9S1MGX8WEGI9DE1Y0DMDH2', 5);

insert into TRABAJOS (ID_TRABAJO, NOMBRE_TRABAJO, VALOR_TRABAJO) values (2, 'ABMOBCYAOMM30TYE7OJ8GSBQJI5BWYS7', 17);

insert into TRABAJOS (ID_TRABAJO, NOMBRE_TRABAJO, VALOR_TRABAJO) values (9, '0PQGHCVPS9BE4QAN9RFUIWLXKIJE39Y ', 18);

insert into TRABAJOS (ID_TRABAJO, NOMBRE_TRABAJO, VALOR_TRABAJO) values (12, '9T19FBV 1J5CALE QIU5FC0K5G6CTT12', 19);

insert into TRABAJOS (ID_TRABAJO, NOMBRE_TRABAJO, VALOR_TRABAJO) values (18, 'GGHON0WL79VU0AOFX2PQUHPAI DJ4M84', 11);

insert into TRABAJOS (ID_TRABAJO, NOMBRE_TRABAJO, VALOR_TRABAJO) values (8, 'W1Y7YDEEXWAQYX5A26Y0PSE7LGFADV96', 2);

insert into TRABAJOS (ID_TRABAJO, NOMBRE_TRABAJO, VALOR_TRABAJO) values (1, 'NPE8CHBPIL9S4S9C1AKB6YES6TPR8VEQ', 7);

insert into TRABAJOS (ID_TRABAJO, NOMBRE_TRABAJO, VALOR_TRABAJO) values (0, 'H7T37L8856MNT92SMGHYRTFYSNK3L5FN', 10);

insert into PARTES (ID_PARTE, NOMBRE_PARTE) values (0, 'XO7A6JU9J7AQL4WS460W6 4JNO9 MYNL');

insert into PARTES (ID_PARTE, NOMBRE_PARTE) values (7, '7SFEYGR7I18AN2L L0 SIU880HXIIBGJ');

insert into PARTES (ID_PARTE, NOMBRE_PARTE) values (1, '0CEVTS8YEVHC4TLOQCO5I78YDIUO1SJ4');

insert into PARTES (ID_PARTE, NOMBRE_PARTE) values (15, '0J3KQPKG NYDJCCQUHNSKU097RBL9FDN');

insert into PARTES (ID_PARTE, NOMBRE_PARTE) values (19, 'E Q6U2E1MHNRU1WAS6T3O 9D XJVIFKO');

insert into PARTES (ID_PARTE, NOMBRE_PARTE) values (9, 'MK U3DFWYM1ER0AEOCNWOFOFKT9KXPOS');

insert into PARTES (ID_PARTE, NOMBRE_PARTE) values (3, 'GB415TD4 H2HUYO0V37F3Q0H0GP5ETAB');

insert into PARTES (ID_PARTE, NOMBRE_PARTE) values (13, 'VBWQH7YPWMBPB85 2NYAC2 JP OGMY3L');

insert into PARTES (ID_PARTE, NOMBRE_PARTE) values (10, '9YM8D3 K7ST3BVV27E1KJ7FEAPKQ2 QU');

insert into PARTES (ID_PARTE, NOMBRE_PARTE) values (12, '5N5ATK8KPV74OL1YIW1MMN5UN35OXEX7');

insert into PARTES (ID_PARTE, NOMBRE_PARTE) values (8, 'G2T1MFKDGWKO1OV8IV2EAI0M2RWCADFO');

insert into PARTES (ID_PARTE, NOMBRE_PARTE) values (2, 'BYJ1G6VNT3L0S6NC04T21LW8 HO8XR 8');

insert into PARTES (ID_PARTE, NOMBRE_PARTE) values (4, '5AS9MW0YERFU5QNQ3QGC4CQ866Y7G EP');

insert into PARTES (ID_PARTE, NOMBRE_PARTE) values (6, 'P5G1BEYO6GU83N5N2UP9LVH0QYQK79JT');

insert into PARTES (ID_PARTE, NOMBRE_PARTE) values (16, ' S25G2N89T1OEWKBMSVAAW3UY1I0DB89');

insert into PARTES (ID_PARTE, NOMBRE_PARTE) values (14, '8LOSS 4U7OU3L37VO1QCTULYGUDOVNEL');

insert into PARTES (ID_PARTE, NOMBRE_PARTE) values (11, '25SITXDOP0KS0JJAEAKPLT1G5YU1EDX9');

insert into PARTES (ID_PARTE, NOMBRE_PARTE) values (17, '97ICTAGSU 0HQ4 IB9A0RHHE8120H7UO');

insert into PARTES (ID_PARTE, NOMBRE_PARTE) values (5, ' KHMU3H7WTLANH0C5 8FAA1O4YNYDK23');

insert into PARTES (ID_PARTE, NOMBRE_PARTE) values (18, 'NCT7R1KRI17QGU5K JBFX7V5LSTK5LNP');

insert into NUEVOS_REPUESTOS (ID_REPUESTO, NOMBRE_REPUESTO) values (10, 'FLCEGPAJXSWFJC4Y1EA3KIN9 21TM54C');

insert into NUEVOS_REPUESTOS (ID_REPUESTO, NOMBRE_REPUESTO) values (0, 'R4WTHHH8UQ2TOBRQ 6RO3QPQ84TIEJE9');

insert into NUEVOS_REPUESTOS (ID_REPUESTO, NOMBRE_REPUESTO) values (13, 'WAGJNG1  X1G6MVJ9O6FC3D9WBTSMN7Q');

insert into NUEVOS_REPUESTOS (ID_REPUESTO, NOMBRE_REPUESTO) values (3, 'Y1GETGOY56IE753VMUQV0SDV 21YV6NQ');

insert into NUEVOS_REPUESTOS (ID_REPUESTO, NOMBRE_REPUESTO) values (12, 'BEZLJ 47EHR3NG 62W9XJNENOW LDHT3');

insert into NUEVOS_REPUESTOS (ID_REPUESTO, NOMBRE_REPUESTO) values (7, 'MNHS585N3 ME6P7QX40X85AGILRS8LXL');

insert into NUEVOS_REPUESTOS (ID_REPUESTO, NOMBRE_REPUESTO) values (11, 'V54 U J7X0DK9SFRS TM2GU480X1A85W');

insert into NUEVOS_REPUESTOS (ID_REPUESTO, NOMBRE_REPUESTO) values (17, '9HFNIQ5MS1W958DEJ535WDWDY7M57PQK');

insert into NUEVOS_REPUESTOS (ID_REPUESTO, NOMBRE_REPUESTO) values (19, 'BBKLUMSKWNMLV6SOBCQ1CDBV0DHHD0V4');

insert into NUEVOS_REPUESTOS (ID_REPUESTO, NOMBRE_REPUESTO) values (14, 'WR5JJ2KCUW5NGF3JO0NTV5A9C PEMG17');

insert into NUEVOS_REPUESTOS (ID_REPUESTO, NOMBRE_REPUESTO) values (1, '6LC828T15 BUTPVN5I6NLR12KGBIFU2R');

insert into NUEVOS_REPUESTOS (ID_REPUESTO, NOMBRE_REPUESTO) values (18, 'M8C2JJTXCE8NSUS490 R1VLKDR7BNCM7');

insert into NUEVOS_REPUESTOS (ID_REPUESTO, NOMBRE_REPUESTO) values (15, '9VRE4NX979SLXJ3HOSI68GAXONHM7GFI');

insert into NUEVOS_REPUESTOS (ID_REPUESTO, NOMBRE_REPUESTO) values (16, 'CUTYUSI3OUFPI215B9OD44J5LYWLSD9K');

insert into NUEVOS_REPUESTOS (ID_REPUESTO, NOMBRE_REPUESTO) values (8, 'IO5XHY0F2J2DNHXHE2X7B4T8IOMTWU 7');

insert into NUEVOS_REPUESTOS (ID_REPUESTO, NOMBRE_REPUESTO) values (2, 'L10VJQU5V08C8C4RGX9X9FJ 5 EASDE2');

insert into NUEVOS_REPUESTOS (ID_REPUESTO, NOMBRE_REPUESTO) values (5, 'QS5RDEI20XXVV0Y27R897L86G6KFH3FT');

insert into NUEVOS_REPUESTOS (ID_REPUESTO, NOMBRE_REPUESTO) values (6, 'CWV 3TJVJ8PI0ETJRMU84UEHQSW1TRYX');

insert into NUEVOS_REPUESTOS (ID_REPUESTO, NOMBRE_REPUESTO) values (9, '4I AMKG8U MBV564GQQDT4NGHFRBETXU');

insert into NUEVOS_REPUESTOS (ID_REPUESTO, NOMBRE_REPUESTO) values (4, '2XUWKXUNNDBOGHFNWH KUXILJU WMDBW');

insert into MEDIDAS (ID_MEDIDA, ID_MOTOR, ID_PARTE, NOMBRE_MEDIDA, VALOR_MEDIDA) values (5, 2, 0, 'LINNS3YMXYSCCTWGFJROL 56VXIOYFXJ', 14);

insert into MEDIDAS (ID_MEDIDA, ID_MOTOR, ID_PARTE, NOMBRE_MEDIDA, VALOR_MEDIDA) values (15, 13, 7, 'OWAP516GG3M9DMLGE2N4CF0S7AIEKGU7', 15);

insert into MEDIDAS (ID_MEDIDA, ID_MOTOR, ID_PARTE, NOMBRE_MEDIDA, VALOR_MEDIDA) values (11, 15, 14, 'SMQ0S7MAAIVTG3MB1MDGEKP1 87PKSAQ', 10);

insert into MEDIDAS (ID_MEDIDA, ID_MOTOR, ID_PARTE, NOMBRE_MEDIDA, VALOR_MEDIDA) values (9, 2, 7, 'SE3J YB6GDGRP6F0U0PFY4C CIOIH79H', 12);

insert into MEDIDAS (ID_MEDIDA, ID_MOTOR, ID_PARTE, NOMBRE_MEDIDA, VALOR_MEDIDA) values (17, 18, 6, 'R3YNUCC3BYN70GHCJ623 H0JRYK5J4QR', 4);

insert into MEDIDAS (ID_MEDIDA, ID_MOTOR, ID_PARTE, NOMBRE_MEDIDA, VALOR_MEDIDA) values (19, 7, 4, '5QH764UXFPGO17A179E07OUJYM1DULPQ', 11);

insert into MEDIDAS (ID_MEDIDA, ID_MOTOR, ID_PARTE, NOMBRE_MEDIDA, VALOR_MEDIDA) values (3, 10, 6, 'MIEDML GO9939AER6I306E0P0NU97E9I', 19);

insert into MEDIDAS (ID_MEDIDA, ID_MOTOR, ID_PARTE, NOMBRE_MEDIDA, VALOR_MEDIDA) values (4, 14, 8, '5RURLUYD8B1TVBD11C6H50QQ5E6F9VH2', 5);

insert into MEDIDAS (ID_MEDIDA, ID_MOTOR, ID_PARTE, NOMBRE_MEDIDA, VALOR_MEDIDA) values (16, 19, 17, ' 0LF9IXBKUALWHSBOD447I751ETRE4HC', 0);

insert into MEDIDAS (ID_MEDIDA, ID_MOTOR, ID_PARTE, NOMBRE_MEDIDA, VALOR_MEDIDA) values (6, 4, 11, 'OXXRMX6RDV2J4NBY9A028JQEG82NSSD5', 13);

insert into MEDIDAS (ID_MEDIDA, ID_MOTOR, ID_PARTE, NOMBRE_MEDIDA, VALOR_MEDIDA) values (0, 7, 16, ' AOLF3Y4OOX94CL991CTVGLWMRQVF9D5', 16);

insert into MEDIDAS (ID_MEDIDA, ID_MOTOR, ID_PARTE, NOMBRE_MEDIDA, VALOR_MEDIDA) values (13, 0, 8, '23477OMQRMYO9RBCFMBDK73VYX7J2JO1', 17);

insert into MEDIDAS (ID_MEDIDA, ID_MOTOR, ID_PARTE, NOMBRE_MEDIDA, VALOR_MEDIDA) values (7, 16, 9, '8G679YHT68S7OR7CQ9H1GFLJ4VDA6BJB', 6);

insert into MEDIDAS (ID_MEDIDA, ID_MOTOR, ID_PARTE, NOMBRE_MEDIDA, VALOR_MEDIDA) values (18, 10, 1, '6N7NPWXIS8KLAT07IB1KLFIY5TM24W6F', 7);

insert into MEDIDAS (ID_MEDIDA, ID_MOTOR, ID_PARTE, NOMBRE_MEDIDA, VALOR_MEDIDA) values (8, 15, 13, 'U550F4CURG 0R4ITACP4Q484B9Y8Y9YP', 18);

insert into MEDIDAS (ID_MEDIDA, ID_MOTOR, ID_PARTE, NOMBRE_MEDIDA, VALOR_MEDIDA) values (12, 8, 12, 'FII41V6RGXA3MFK0 YOBE48X5QUNK26E', 1);

insert into MEDIDAS (ID_MEDIDA, ID_MOTOR, ID_PARTE, NOMBRE_MEDIDA, VALOR_MEDIDA) values (2, 7, 6, 'FI8A13W4KS6T38 GP0P2YO 7I0AHML7O', 9);

insert into MEDIDAS (ID_MEDIDA, ID_MOTOR, ID_PARTE, NOMBRE_MEDIDA, VALOR_MEDIDA) values (14, 14, 3, 'N2U5ME O4E K8NOSVH4RIP NI0UBITGM', 2);

insert into MEDIDAS (ID_MEDIDA, ID_MOTOR, ID_PARTE, NOMBRE_MEDIDA, VALOR_MEDIDA) values (10, 10, 15, '57FUS0 3C7I6VHIH6JP7XSSVIQL6HBB5', 3);

insert into MEDIDAS (ID_MEDIDA, ID_MOTOR, ID_PARTE, NOMBRE_MEDIDA, VALOR_MEDIDA) values (1, 9, 1, '86KSBSGYRU3VM5H0NGULX4 E8G5IIDA6', 8);

insert into DETALLES_REPORTE (ID_DETALLE_REPORTE, ID_TRABAJO, CC_PERSONA) values (17, 16, 5);

insert into DETALLES_REPORTE (ID_DETALLE_REPORTE, ID_TRABAJO, CC_PERSONA) values (2, 12, 9);

insert into DETALLES_REPORTE (ID_DETALLE_REPORTE, ID_TRABAJO, CC_PERSONA) values (5, 11, 17);

insert into DETALLES_REPORTE (ID_DETALLE_REPORTE, ID_TRABAJO, CC_PERSONA) values (9, 7, 8);

insert into DETALLES_REPORTE (ID_DETALLE_REPORTE, ID_TRABAJO, CC_PERSONA) values (12, 2, 16);

insert into DETALLES_REPORTE (ID_DETALLE_REPORTE, ID_TRABAJO, CC_PERSONA) values (0, 8, 2);

insert into DETALLES_REPORTE (ID_DETALLE_REPORTE, ID_TRABAJO, CC_PERSONA) values (10, 18, 8);

insert into DETALLES_REPORTE (ID_DETALLE_REPORTE, ID_TRABAJO, CC_PERSONA) values (7, 6, 15);

insert into DETALLES_REPORTE (ID_DETALLE_REPORTE, ID_TRABAJO, CC_PERSONA) values (13, 17, 3);

insert into DETALLES_REPORTE (ID_DETALLE_REPORTE, ID_TRABAJO, CC_PERSONA) values (1, 13, 16);

insert into DETALLES_REPORTE (ID_DETALLE_REPORTE, ID_TRABAJO, CC_PERSONA) values (3, 14, 19);

insert into DETALLES_REPORTE (ID_DETALLE_REPORTE, ID_TRABAJO, CC_PERSONA) values (6, 4, 10);

insert into DETALLES_REPORTE (ID_DETALLE_REPORTE, ID_TRABAJO, CC_PERSONA) values (15, 2, 17);

insert into DETALLES_REPORTE (ID_DETALLE_REPORTE, ID_TRABAJO, CC_PERSONA) values (14, 15, 3);

insert into DETALLES_REPORTE (ID_DETALLE_REPORTE, ID_TRABAJO, CC_PERSONA) values (19, 12, 15);

insert into DETALLES_REPORTE (ID_DETALLE_REPORTE, ID_TRABAJO, CC_PERSONA) values (16, 9, 13);

insert into DETALLES_REPORTE (ID_DETALLE_REPORTE, ID_TRABAJO, CC_PERSONA) values (18, 18, 9);

insert into DETALLES_REPORTE (ID_DETALLE_REPORTE, ID_TRABAJO, CC_PERSONA) values (4, 16, 19);

insert into DETALLES_REPORTE (ID_DETALLE_REPORTE, ID_TRABAJO, CC_PERSONA) values (8, 8, 7);

insert into DETALLES_REPORTE (ID_DETALLE_REPORTE, ID_TRABAJO, CC_PERSONA) values (11, 7, 8);

insert into ORDENES (ID_ORDEN, ID_MOTOR, ID_TALLER, CC_PERSONA, PLACA, FECHA_RECIBIDO, FECHA_ENTREGA) values (7, 2, 16, 5, 'Y  U1F', '1652-2-1 9:52:29', '819-12-20 4:50:59');

insert into ORDENES (ID_ORDEN, ID_MOTOR, ID_TALLER, CC_PERSONA, PLACA, FECHA_RECIBIDO, FECHA_ENTREGA) values (10, 8, 17, 18, 'EH4FMQ', '288-11-4 1:36:39', '1050-6-22 6:21:3');

insert into ORDENES (ID_ORDEN, ID_MOTOR, ID_TALLER, CC_PERSONA, PLACA, FECHA_RECIBIDO, FECHA_ENTREGA) values (5, 12, 2, 15, 'Y4C4WY', '1046-9-9 6:28:37', '1161-9-30 7:9:22');

insert into ORDENES (ID_ORDEN, ID_MOTOR, ID_TALLER, CC_PERSONA, PLACA, FECHA_RECIBIDO, FECHA_ENTREGA) values (1, 2, 11, 11, '1PTXAD', '1426-6-7 8:52:14', '1239-9-13 7:44:40');

insert into ORDENES (ID_ORDEN, ID_MOTOR, ID_TALLER, CC_PERSONA, PLACA, FECHA_RECIBIDO, FECHA_ENTREGA) values (3, 16, 7, 16, 'BQX D2', '1528-12-12 9:15:40', '145-2-2 0:53:56');

insert into ORDENES (ID_ORDEN, ID_MOTOR, ID_TALLER, CC_PERSONA, PLACA, FECHA_RECIBIDO, FECHA_ENTREGA) values (12, 4, 11, 14, '6T17QX', '982-2-10 5:59:11', '623-1-22 3:31:28');

insert into ORDENES (ID_ORDEN, ID_MOTOR, ID_TALLER, CC_PERSONA, PLACA, FECHA_RECIBIDO, FECHA_ENTREGA) values (0, 3, 0, 1, 'XXTPB4', '1836-10-10 11:15:14', '1442-2-24 8:36:34');

insert into ORDENES (ID_ORDEN, ID_MOTOR, ID_TALLER, CC_PERSONA, PLACA, FECHA_RECIBIDO, FECHA_ENTREGA) values (17, 3, 14, 14, 'A9IVWX', '641-6-28 4:7:55', '1577-11-1 9:23:0');

insert into ORDENES (ID_ORDEN, ID_MOTOR, ID_TALLER, CC_PERSONA, PLACA, FECHA_RECIBIDO, FECHA_ENTREGA) values (11, 18, 14, 1, 'YG3W5D', '179-2-23 1:9:3', '340-6-27 1:38:49');

insert into ORDENES (ID_ORDEN, ID_MOTOR, ID_TALLER, CC_PERSONA, PLACA, FECHA_RECIBIDO, FECHA_ENTREGA) values (2, 14, 12, 0, '9S72RI', '1963-5-23 11:43:27', '1-1-1 0:0:0');

insert into ORDENES (ID_ORDEN, ID_MOTOR, ID_TALLER, CC_PERSONA, PLACA, FECHA_RECIBIDO, FECHA_ENTREGA) values (13, 15, 7, 14, '8WNAQR', '492-3-6 3:38:23', '276-5-21 1:18:53');

insert into ORDENES (ID_ORDEN, ID_MOTOR, ID_TALLER, CC_PERSONA, PLACA, FECHA_RECIBIDO, FECHA_ENTREGA) values (18, 0, 7, 4, 'MP3857', '440-11-24 3:12:39', '920-7-21 5:30:9');

insert into ORDENES (ID_ORDEN, ID_MOTOR, ID_TALLER, CC_PERSONA, PLACA, FECHA_RECIBIDO, FECHA_ENTREGA) values (19, 18, 16, 9, 'N1KQMN', '1191-4-18 7:13:3', '698-5-3 4:0:59');

insert into ORDENES (ID_ORDEN, ID_MOTOR, ID_TALLER, CC_PERSONA, PLACA, FECHA_RECIBIDO, FECHA_ENTREGA) values (6, 12, 13, 12, '7MPKQY', '1307-12-28 7:59:9', '566-12-17 2:48:55');

insert into ORDENES (ID_ORDEN, ID_MOTOR, ID_TALLER, CC_PERSONA, PLACA, FECHA_RECIBIDO, FECHA_ENTREGA) values (8, 12, 7, 3, '1LG4R2', '853-9-30 5:18:38', '459-7-5 2:15:47');

insert into ORDENES (ID_ORDEN, ID_MOTOR, ID_TALLER, CC_PERSONA, PLACA, FECHA_RECIBIDO, FECHA_ENTREGA) values (16, 16, 15, 15, 'MVSVQQ', '342-9-2 2:33:5', '1372-11-30 8:9:21');

insert into ORDENES (ID_ORDEN, ID_MOTOR, ID_TALLER, CC_PERSONA, PLACA, FECHA_RECIBIDO, FECHA_ENTREGA) values (15, 18, 4, 4, '1X6TJT', '714-12-26 4:37:41', '1728-12-30 11:8:59');

insert into ORDENES (ID_ORDEN, ID_MOTOR, ID_TALLER, CC_PERSONA, PLACA, FECHA_RECIBIDO, FECHA_ENTREGA) values (14, 5, 0, 16, 'B9UM24', '1715-6-4 10:22:13', '1637-4-13 10:14:31');

insert into ORDENES (ID_ORDEN, ID_MOTOR, ID_TALLER, CC_PERSONA, PLACA, FECHA_RECIBIDO, FECHA_ENTREGA) values (9, 12, 2, 11, 'CM9L9F', '1-1-1 0:0:0', '1917-10-31 12:45:8');

insert into ORDENES (ID_ORDEN, ID_MOTOR, ID_TALLER, CC_PERSONA, PLACA, FECHA_RECIBIDO, FECHA_ENTREGA) values (4, 12, 15, 11, 'X6WPN5', '55-5-11 0:44:28', '1850-10-5 11:52:27');

insert into DETALLES_ORDEN (ID_DETALLE_ORDEN, ID_ORDEN, ID_TRABAJO, ID_REPUESTO, ID_PARTE, CANTIDAD) values (4, 7, 16, 10, 0, 1);

insert into DETALLES_ORDEN (ID_DETALLE_ORDEN, ID_ORDEN, ID_TRABAJO, ID_REPUESTO, ID_PARTE, CANTIDAD) values (6, 2, 14, 18, 19, 12);

insert into DETALLES_ORDEN (ID_DETALLE_ORDEN, ID_ORDEN, ID_TRABAJO, ID_REPUESTO, ID_PARTE, CANTIDAD) values (11, 1, 11, 7, 11, 13);

insert into DETALLES_ORDEN (ID_DETALLE_ORDEN, ID_ORDEN, ID_TRABAJO, ID_REPUESTO, ID_PARTE, CANTIDAD) values (18, 18, 6, 2, 19, 10);

insert into DETALLES_ORDEN (ID_DETALLE_ORDEN, ID_ORDEN, ID_TRABAJO, ID_REPUESTO, ID_PARTE, CANTIDAD) values (12, 11, 15, 5, 7, 8);

insert into DETALLES_ORDEN (ID_DETALLE_ORDEN, ID_ORDEN, ID_TRABAJO, ID_REPUESTO, ID_PARTE, CANTIDAD) values (15, 2, 11, 15, 1, 0);

insert into DETALLES_ORDEN (ID_DETALLE_ORDEN, ID_ORDEN, ID_TRABAJO, ID_REPUESTO, ID_PARTE, CANTIDAD) values (1, 11, 13, 9, 4, 6);

insert into DETALLES_ORDEN (ID_DETALLE_ORDEN, ID_ORDEN, ID_TRABAJO, ID_REPUESTO, ID_PARTE, CANTIDAD) values (8, 11, 6, 18, 2, 19);

insert into DETALLES_ORDEN (ID_DETALLE_ORDEN, ID_ORDEN, ID_TRABAJO, ID_REPUESTO, ID_PARTE, CANTIDAD) values (10, 2, 18, 19, 7, 9);

insert into DETALLES_ORDEN (ID_DETALLE_ORDEN, ID_ORDEN, ID_TRABAJO, ID_REPUESTO, ID_PARTE, CANTIDAD) values (2, 18, 5, 18, 12, 16);

insert into DETALLES_ORDEN (ID_DETALLE_ORDEN, ID_ORDEN, ID_TRABAJO, ID_REPUESTO, ID_PARTE, CANTIDAD) values (5, 10, 19, 7, 17, 4);

insert into DETALLES_ORDEN (ID_DETALLE_ORDEN, ID_ORDEN, ID_TRABAJO, ID_REPUESTO, ID_PARTE, CANTIDAD) values (17, 16, 4, 13, 11, 14);

insert into DETALLES_ORDEN (ID_DETALLE_ORDEN, ID_ORDEN, ID_TRABAJO, ID_REPUESTO, ID_PARTE, CANTIDAD) values (13, 14, 10, 11, 17, 7);

insert into DETALLES_ORDEN (ID_DETALLE_ORDEN, ID_ORDEN, ID_TRABAJO, ID_REPUESTO, ID_PARTE, CANTIDAD) values (16, 8, 13, 9, 2, 5);

insert into DETALLES_ORDEN (ID_DETALLE_ORDEN, ID_ORDEN, ID_TRABAJO, ID_REPUESTO, ID_PARTE, CANTIDAD) values (19, 0, 2, 7, 5, 11);

insert into DETALLES_ORDEN (ID_DETALLE_ORDEN, ID_ORDEN, ID_TRABAJO, ID_REPUESTO, ID_PARTE, CANTIDAD) values (0, 1, 9, 1, 4, 18);

insert into DETALLES_ORDEN (ID_DETALLE_ORDEN, ID_ORDEN, ID_TRABAJO, ID_REPUESTO, ID_PARTE, CANTIDAD) values (3, 16, 5, 11, 5, 2);

insert into DETALLES_ORDEN (ID_DETALLE_ORDEN, ID_ORDEN, ID_TRABAJO, ID_REPUESTO, ID_PARTE, CANTIDAD) values (7, 19, 15, 6, 11, 17);

insert into DETALLES_ORDEN (ID_DETALLE_ORDEN, ID_ORDEN, ID_TRABAJO, ID_REPUESTO, ID_PARTE, CANTIDAD) values (9, 15, 7, 10, 16, 3);

insert into DETALLES_ORDEN (ID_DETALLE_ORDEN, ID_ORDEN, ID_TRABAJO, ID_REPUESTO, ID_PARTE, CANTIDAD) values (14, 9, 17, 2, 1, 15);

insert into HISTORICOS_MOTORES (ATTRIBUTE_22, ID_MEDIDA_INICIAL, ID_MEDIDA_FINAL, ID_DETALLE_ORDEN) values (12, 5, 5, 9);

insert into HISTORICOS_MOTORES (ATTRIBUTE_22, ID_MEDIDA_INICIAL, ID_MEDIDA_FINAL, ID_DETALLE_ORDEN) values (18, 5, 0, 11);

insert into HISTORICOS_MOTORES (ATTRIBUTE_22, ID_MEDIDA_INICIAL, ID_MEDIDA_FINAL, ID_DETALLE_ORDEN) values (2, 17, 14, 9);

insert into HISTORICOS_MOTORES (ATTRIBUTE_22, ID_MEDIDA_INICIAL, ID_MEDIDA_FINAL, ID_DETALLE_ORDEN) values (6, 8, 15, 2);

insert into HISTORICOS_MOTORES (ATTRIBUTE_22, ID_MEDIDA_INICIAL, ID_MEDIDA_FINAL, ID_DETALLE_ORDEN) values (4, 13, 14, 6);

insert into HISTORICOS_MOTORES (ATTRIBUTE_22, ID_MEDIDA_INICIAL, ID_MEDIDA_FINAL, ID_DETALLE_ORDEN) values (15, 9, 10, 6);

insert into HISTORICOS_MOTORES (ATTRIBUTE_22, ID_MEDIDA_INICIAL, ID_MEDIDA_FINAL, ID_DETALLE_ORDEN) values (14, 15, 15, 16);

insert into HISTORICOS_MOTORES (ATTRIBUTE_22, ID_MEDIDA_INICIAL, ID_MEDIDA_FINAL, ID_DETALLE_ORDEN) values (19, 11, 4, 12);

insert into HISTORICOS_MOTORES (ATTRIBUTE_22, ID_MEDIDA_INICIAL, ID_MEDIDA_FINAL, ID_DETALLE_ORDEN) values (11, 17, 0, 1);

insert into HISTORICOS_MOTORES (ATTRIBUTE_22, ID_MEDIDA_INICIAL, ID_MEDIDA_FINAL, ID_DETALLE_ORDEN) values (3, 18, 9, 17);

insert into HISTORICOS_MOTORES (ATTRIBUTE_22, ID_MEDIDA_INICIAL, ID_MEDIDA_FINAL, ID_DETALLE_ORDEN) values (1, 11, 4, 2);

insert into HISTORICOS_MOTORES (ATTRIBUTE_22, ID_MEDIDA_INICIAL, ID_MEDIDA_FINAL, ID_DETALLE_ORDEN) values (7, 17, 8, 12);

insert into HISTORICOS_MOTORES (ATTRIBUTE_22, ID_MEDIDA_INICIAL, ID_MEDIDA_FINAL, ID_DETALLE_ORDEN) values (16, 13, 9, 19);

insert into HISTORICOS_MOTORES (ATTRIBUTE_22, ID_MEDIDA_INICIAL, ID_MEDIDA_FINAL, ID_DETALLE_ORDEN) values (0, 5, 3, 13);

insert into HISTORICOS_MOTORES (ATTRIBUTE_22, ID_MEDIDA_INICIAL, ID_MEDIDA_FINAL, ID_DETALLE_ORDEN) values (17, 15, 9, 6);

insert into HISTORICOS_MOTORES (ATTRIBUTE_22, ID_MEDIDA_INICIAL, ID_MEDIDA_FINAL, ID_DETALLE_ORDEN) values (5, 18, 19, 2);

insert into HISTORICOS_MOTORES (ATTRIBUTE_22, ID_MEDIDA_INICIAL, ID_MEDIDA_FINAL, ID_DETALLE_ORDEN) values (8, 14, 6, 9);

insert into HISTORICOS_MOTORES (ATTRIBUTE_22, ID_MEDIDA_INICIAL, ID_MEDIDA_FINAL, ID_DETALLE_ORDEN) values (13, 13, 16, 10);

insert into HISTORICOS_MOTORES (ATTRIBUTE_22, ID_MEDIDA_INICIAL, ID_MEDIDA_FINAL, ID_DETALLE_ORDEN) values (10, 12, 15, 1);

insert into HISTORICOS_MOTORES (ATTRIBUTE_22, ID_MEDIDA_INICIAL, ID_MEDIDA_FINAL, ID_DETALLE_ORDEN) values (9, 14, 10, 15);

